{
  // 星球显示名称
  "localizedName": "系外",
  // 网格（光效）设置
  "mesh": {
    "type": "SunMesh",       // 使用太阳类型的网格（发光效果）
    "planet": "Nexus-Veyra",        // 关联的恒星
    "divisions": 6.5,          // 网格细分程度
    "colorScale": 1.2,       // 颜色整体缩放系数
    "colors": [              // 光效颜色渐变
      "ffffff",             // 外层颜色
      "fcfcfc",             // 中层颜色
      "ffffff"              // 内层颜色
    ],
    "octaves": 3.0,         // 噪声层数
    "persistence": 6.0,     // 噪声持久度
    "scl": 1.2,             // 噪声缩放
    "pow": 1.2,             // 颜色强度指数
    "mag": 2.4              // 光效
  },

  // 基础参数
  "radius": 1.5,              // 星球半径
  "bloom": true,            // 启用泛光效果
  "visible": true,          // 星球是否可见
  "hasAtmosphere": false    // 大气层
 // "parent": "Nexus-Veyra",
  "orbitSpacing": 19, //父（this）和卫星之间的间距
  "solarSystem": "Nexus-Veyra"
  "orbitRadius": 0,
  "rotateTime": 30,                // 自转
}