{
	"type": "GenericCrafter"
	"name": "furnace",
	"description": "You should know this is not an electric stove.",
	"health":300 ,
	"itemCapacity": 20,
	"outputItem": {"item": "iron","amount":3 },
	"size":3 ,
	"hasPower": true,
	"hasItems": true,
	"boostScale":0.05
	"craftTime": 150,
	"craftEffect":"fireballsmoke",
	"updateEffect": "fireballsmoke",
	"minWarmup":0.75,
	"shootWarmupSpeed":0.03,
	"Requirement":16,
	"updateEffectChance": 0.1,
	"consumes": {
		"items": {
			"items": [
				{ "item": "crude-iron", "amount": 3}
				{ "item": "coal", "amount": 1}
			]
		}
	},
	"requirements": [
				{ "item": "stone","amount": 12}
	],
	"category": "crafting",
	"research": "dgcore",
	"idleSound": "respawning",
	"idleSoundVolume": 0.5
}