{
    "type": "ParticleWeather",    // 天气类型
    "name": "Sand Storm",    // 风暴
    "color": "dad2ca",            // 粒子颜色
    "noiseColor": "dad2ca",       // 噪点颜色
    "drawNoise": true,            // 是否绘制噪点
    "particleRegion": "particle", // 粒子所在区域
    "useWindVector": true,        // 是否使用风向向量
    "sizeMax": 140,               // 粒子最大尺寸
    "sizeMin": 70,                // 粒子最小尺寸
    "minAlpha": 0,                // 粒子最小透明度
    "maxAlpha": 0.3,              // 粒子最大透明度
    "density": 1500,              // 粒子密度
    "baseSpeed": 5.4,             // 粒子基本速度
    "opacityMultiplier": 0.35,    // 透明度乘数
    "force": 0.1,                 // 作用力大小
    "sound": "wind",              // 关联的声音
    "soundVol": 0.8,              // 声音音量大小
    "duration": 4200              // 天气持续时间
}