{
	"type": "PowerTurret",
	"name": "Shield gun",
	"description": "wall ?!",
    "details":"Can you believe this is a wall?",
	"health": 430,
	"size": 1,
	"reload":100,
	"range": 75,
    "ammoPerShot": 3,
    rotateSpeed: 0
    recoil: 0
    "consumes": {
	"coolant":{"amount":0.05,"optional":true}  }
	"shoot":{
		"shots":2,
	    "shotDelay":10,
		"type":"ShootAlternate",
		"barrels":1,
		"spread":6
	},
	"shootType": {
  "type": "SapBulletType"
  "knockback": -0.5
  "damage": 2
  "sapStrength": 0.85
  "length": 25
  "shootEffect": "shootSmall"
  "hitColor": "FFE153"
  "color": "CFCFCFFF"
  "despawnEffect": "none"
  "width": 0.55
  "lifetime": 20
  "status": "spore-slowed"
}
	"inaccuracy": 5,
	"shake":1,
	"requirements": [
{ "item": "crude-iron", "amount": 15 }
	],
	"category": "turret",
	"research": "dgcore"
	"researchCostMultiplier": 0.2,
	"canOverdrive": false,
}
