{
"name":"dgunit",
"description":"waste.",
"flying":true,
"lowAltitude":true
"hovering":false
"circleTarget":true
"mineTier":2
"mineSpeed":0.5//采矿速度
"itemCapacity":20
"buildSpeed":1//建造速度
"speed":3
"range":50
"hitSize":12
"health": 150,
"outlineColor": "CFCFCFFF",
"alwaysUnlocked": true,
"armor":12
"engineOffset":7
"engineSize":2
"commandLimit":12
"ammoCapacity":100,
"ammoResupplyAmount":50,
"weapons":[
{
    "x":0
    "y":3
  "width":3
  "top": false
  "rotate":false
  "shootSound":"spark",
  "name":"electric-ion"
  "reload": 30
  "shots": 2,
  "range":50
  "inaccuracy":0
  "alternate":false
  "ignoreRotation": false,
}
]
}